,,,,,,,,,,,,,,,,,,,
First Name,Last Name,Team,Pos,G,AB,R,H,2B,3B,HR,RBI,SB,CS,BB,SO,AVG,SLG,OBP,OPS
Bobby,Abreu,LAA,OF,8,24,1,5,3,0,0,5,0,0,2,5,0.208,0.333,0.259,0.592
Bobby,Abreu,LAD,OF,92,195,28,48,8,1,3,19,6,2,35,51,0.246,0.344,0.361,0.705
Tony,Abreu,KC,2B,22,70,5,18,2,1,1,15,0,0,2,13,0.257,0.357,0.284,0.641
Dustin,Ackley,SEA,2B,153,607,84,137,22,2,12,50,13,3,59,124,0.226,0.328,0.294,0.622
Matt,Adams,STL,1B,27,86,8,21,6,0,2,13,0,0,5,24,0.244,0.384,0.286,0.67
Brandon,Allen,TB,1B,7,13,3,2,0,0,1,3,0,0,2,4,0.154,0.385,0.267,0.652
Brandon,Allen,OAK,1B,3,7,0,0,0,0,0,0,0,0,0,5,0,0,0,0
Yonder,Alonso,SD,1B,155,549,47,150,39,0,9,62,3,0,62,101,0.273,0.393,0.348,0.741
Jose,Altuve,HOU,2B,147,576,80,167,34,4,7,37,33,11,40,74,0.29,0.399,0.34,0.739
Pedro,Alvarez,PIT,3B,149,525,64,128,25,1,30,85,1,0,57,180,0.244,0.467,0.317,0.784
Alexi,Amarista,SD,2B,105,275,35,66,15,5,5,32,8,4,17,42,0.24,0.385,0.282,0.667
Bryan,Anderson,STL,C,10,12,2,3,1,0,0,0,1,0,1,6,0.25,0.333,0.357,0.69
Lars,Anderson,BOS,OF,6,8,1,1,0,0,0,0,0,0,0,3,0.125,0.125,0.125,0.25
Robert,Andino,BAL,2B,127,384,41,81,13,1,7,28,5,5,37,100,0.211,0.305,0.283,0.588
Elvis,Andrus,TEX,SS,158,629,85,180,31,9,3,62,21,10,57,96,0.286,0.378,0.349,0.727
Rick,Ankiel,WAS,OF,68,158,15,36,10,2,5,15,1,3,12,59,0.228,0.411,0.282,0.693
Norichika,Aoki,MIL,OF,151,520,81,150,37,4,10,50,30,8,43,55,0.288,0.433,0.355,0.788
J.P.,Arencibia,TOR,C,102,347,45,81,16,0,18,56,1,0,18,108,0.233,0.435,0.275,0.71
Joaquin,Arias,SF,SS,112,319,30,86,13,5,5,34,5,1,13,44,0.27,0.389,0.304,0.693
Xavier,Avery,BAL,OF,32,94,14,21,6,1,1,6,6,3,11,23,0.223,0.34,0.305,0.645
Alex,Avila,DET,C,116,367,42,89,21,2,9,48,2,0,61,104,0.243,0.384,0.352,0.736
Mike,Aviles,BOS,SS,136,512,57,128,28,0,13,60,14,6,23,77,0.25,0.381,0.282,0.663
Erick,Aybar,LAA,SS,141,517,67,150,31,5,8,45,20,4,22,61,0.29,0.416,0.324,0.74
John,Baker,SD,C,63,193,17,46,8,0,0,14,2,1,20,41,0.238,0.28,0.31,0.59
Jeff,Baker,DET,OF,15,35,1,7,2,0,0,4,0,0,2,10,0.2,0.257,0.243,0.5
Jeff,Baker,CHC,OF,54,134,16,36,10,1,4,20,4,1,8,28,0.269,0.448,0.306,0.754
Jeff,Baker,ATL,OF,14,19,1,2,0,0,0,1,0,0,1,10,0.105,0.105,0.15,0.255
Rod,Barajas,PIT,C,104,321,29,66,11,0,11,31,0,0,29,69,0.206,0.343,0.283,0.626
Clint,Barmes,PIT,SS,144,455,34,104,16,1,8,45,0,2,20,106,0.229,0.321,0.272,0.593
Brandon,Barnes,HOU,OF,43,98,8,20,3,0,1,7,1,1,5,29,0.204,0.265,0.25,0.515
Darwin,Barney,CHC,2B,156,548,73,139,26,4,7,44,6,1,33,58,0.254,0.354,0.299,0.653
Jason,Bartlett,SD,SS,29,83,8,11,5,0,0,4,0,0,12,27,0.133,0.193,0.24,0.433
Daric,Barton,OAK,1B,46,113,8,23,7,0,1,6,1,0,22,32,0.204,0.292,0.338,0.63
Jose,Bautista,TOR,OF,92,332,64,80,14,0,27,65,5,2,59,63,0.241,0.527,0.358,0.885
Mike,Baxter,NY-N,OF,89,179,26,47,14,2,3,17,5,3,25,45,0.263,0.413,0.365,0.778
Jason,Bay,NY-N,OF,70,194,21,32,2,0,8,20,5,1,19,58,0.165,0.299,0.237,0.536
Gordon,Beckham,CWS,2B,151,525,62,123,24,0,16,60,5,4,40,89,0.234,0.371,0.296,0.667
Josh,Bell,AZ,3B,21,52,3,9,2,0,1,4,0,0,4,14,0.173,0.269,0.232,0.501
Brandon,Belt,SF,1B,145,411,47,113,27,6,7,56,12,2,54,106,0.275,0.421,0.36,0.781
Carlos,Beltran,STL,OF,151,547,83,147,26,1,32,97,13,6,65,124,0.269,0.495,0.346,0.841
Adrian,Beltre,TEX,3B,156,604,95,194,33,2,36,102,1,0,36,82,0.321,0.561,0.359,0.92
Lance,Berkman,STL,1B,32,81,12,21,7,1,2,7,2,0,14,19,0.259,0.444,0.381,0.825
Roger,Bernadina,WAS,OF,129,227,25,66,11,0,5,25,15,3,28,53,0.291,0.405,0.372,0.777
Quintin,Berry,DET,OF,94,291,44,75,10,6,2,29,21,0,25,80,0.258,0.354,0.33,0.684
Yuniesky,Betancourt,KC,2B,57,215,21,49,14,1,7,36,0,1,9,25,0.228,0.4,0.256,0.656
Wilson,Betemit,BAL,3B,102,341,41,89,19,0,12,40,0,1,31,103,0.261,0.422,0.322,0.744
Jeff,Bianchi,MIL,SS,33,69,8,13,2,0,3,9,0,0,4,13,0.188,0.348,0.23,0.578
Brian,Bixler,HOU,OF,36,88,11,17,6,0,2,7,3,0,7,36,0.193,0.33,0.253,0.583
Charlie,Blackmon,COL,OF,42,113,15,32,8,0,2,9,1,2,4,17,0.283,0.407,0.325,0.732
Henry,Blanco,AZ,C,21,64,6,12,3,0,1,7,1,0,3,18,0.188,0.281,0.224,0.505
Gregor,Blanco,SF,OF,141,393,56,96,14,5,5,34,26,6,51,104,0.244,0.344,0.333,0.677
Kyle,Blanks,SD,OF,4,5,0,1,0,0,0,0,0,0,1,2,0.2,0.2,0.333,0.533
Willie,Bloomquist,AZ,SS,80,324,47,98,21,5,0,23,7,10,12,55,0.302,0.398,0.325,0.723
Geoff,Blum,AZ,3B,17,28,1,4,0,0,0,1,0,0,2,7,0.143,0.143,0.194,0.337
Brennan,Boesch,DET,OF,132,470,52,113,22,2,12,54,6,3,26,104,0.24,0.372,0.286,0.658
Brian,Bogusevic,HOU,OF,146,355,39,72,9,2,7,28,15,4,41,96,0.203,0.299,0.297,0.596
Emilio,Bonifacio,MIA,2B,64,244,30,63,3,4,1,11,30,3,25,52,0.258,0.316,0.33,0.646
Jean,Boscan,ATL,C,6,10,0,2,0,0,0,2,0,0,0,1,0.2,0.2,0.2,0.4
Jason,Bourgeois,KC,OF,30,62,10,16,2,1,0,5,5,4,4,4,0.258,0.323,0.303,0.626
Peter,Bourjos,LAA,OF,101,168,27,37,7,0,3,19,3,1,15,44,0.22,0.315,0.291,0.606
Michael,Bourn,ATL,OF,155,624,96,171,26,10,9,57,42,13,70,155,0.274,0.391,0.348,0.739
Michael,Brantley,CLE,OF,149,552,63,159,37,4,6,60,12,9,53,56,0.288,0.402,0.348,0.75
Rob,Brantly,MIA,C,31,100,14,29,8,0,3,8,1,1,13,16,0.29,0.46,0.372,0.832
Ryan,Braun,MIL,OF,154,598,108,191,36,3,41,112,30,7,63,128,0.319,0.595,0.391,0.986
Reid,Brignac,TB,SS,16,21,1,2,0,0,0,1,0,0,1,5,0.095,0.095,0.136,0.231
Domonic,Brown,PHI,OF,56,187,21,44,11,2,5,26,0,0,21,34,0.235,0.396,0.316,0.712
Andrew,Brown,COL,OF,46,112,14,26,7,0,5,11,2,2,12,34,0.232,0.429,0.302,0.731
Corey,Brown,WAS,OF,19,25,4,5,2,0,1,3,0,0,1,9,0.2,0.4,0.231,0.631
Jay,Bruce,CIN,OF,155,560,89,141,35,5,34,99,9,3,62,155,0.252,0.514,0.327,0.841
Travis,Buck,HOU,OF,33,74,7,16,5,1,0,6,0,0,6,18,0.216,0.311,0.284,0.595
John,Buck,MIA,C,106,343,29,66,15,1,12,41,0,0,49,103,0.192,0.347,0.297,0.644
Manny,Burriss,SF,2B,60,136,15,29,1,0,0,7,5,3,10,25,0.213,0.221,0.27,0.491
Sean,Burroughs,MIN,3B,10,17,0,2,1,0,0,1,0,0,1,3,0.118,0.176,0.167,0.343
Drew,Butera,MIN,C,42,111,7,22,6,0,1,5,0,0,9,26,0.198,0.279,0.27,0.549
Billy,Butler,KC,DH,161,614,72,192,32,1,29,107,2,1,54,111,0.313,0.51,0.373,0.883
Marlon,Byrd,CHC,OF,13,43,1,3,0,0,0,2,0,1,3,10,0.07,0.07,0.149,0.219
Marlon,Byrd,BOS,OF,34,100,9,27,2,0,1,7,0,2,2,21,0.27,0.32,0.286,0.606
Miguel,Cabrera,DET,3B,161,622,109,205,40,0,44,139,4,1,66,98,0.33,0.606,0.393,0.999
Melky,Cabrera,SF,OF,113,459,84,159,25,10,11,60,13,5,36,63,0.346,0.516,0.39,0.906
Asdrubal,Cabrera,CLE,SS,143,555,70,150,35,1,16,68,9,4,52,99,0.27,0.423,0.338,0.761
Everth,Cabrera,SD,SS,115,398,49,98,19,3,2,24,44,4,43,110,0.246,0.324,0.324,0.648
Lorenzo,Cain,KC,OF,61,222,27,59,9,2,7,31,10,0,15,56,0.266,0.419,0.316,0.735
Miguel,Cairo,CIN,1B,70,150,9,28,7,2,1,13,4,0,4,20,0.187,0.28,0.212,0.492
Kole,Calhoun,LAA,OF,21,23,2,4,1,0,0,1,1,0,2,6,0.174,0.217,0.24,0.457
Alberto,Callaspo,LAA,3B,138,457,55,115,20,0,10,53,4,3,56,59,0.252,0.361,0.331,0.692
Tony,Campana,CHC,OF,89,174,26,46,6,0,0,5,30,3,11,43,0.264,0.299,0.308,0.607
Robinson,Cano,NY-A,2B,161,627,105,196,48,1,33,94,3,2,61,96,0.313,0.55,0.379,0.929
Russ,Canzler,CLE,1B,26,93,9,25,3,0,3,11,0,0,4,22,0.269,0.398,0.299,0.697
Adrian,Cardenas,CHC,2B,45,60,5,11,6,0,0,2,0,0,7,13,0.183,0.283,0.269,0.552
Luke,Carlin,CLE,C,4,14,2,3,1,0,0,1,1,0,0,3,0.214,0.286,0.214,0.5
Mike,Carp,SEA,OF,59,164,17,35,6,0,5,20,1,0,21,46,0.213,0.341,0.312,0.653
Matt,Carpenter,STL,3B,114,296,44,87,22,5,6,46,1,1,34,63,0.294,0.463,0.365,0.828
Ezequiel,Carrera,CLE,OF,48,147,20,40,6,3,2,11,8,1,8,35,0.272,0.395,0.312,0.707
Brett,Carroll,WAS,OF,5,2,2,0,0,0,0,0,0,0,0,0,0,0,0,0
Jamey,Carroll,MIN,SS,138,470,65,126,18,1,1,40,9,5,52,65,0.268,0.317,0.343,0.66
Matt,Carson,MIN,OF,26,66,3,15,1,0,0,4,0,0,2,21,0.227,0.242,0.246,0.488
Chris,Carter,OAK,OF,67,218,38,52,12,0,16,39,0,0,39,83,0.239,0.514,0.35,0.864
Alexi,Casilla,MIN,2B,106,299,33,72,17,2,1,30,21,1,16,52,0.241,0.321,0.282,0.603
Alex,Castellanos,LAD,OF,16,23,3,4,0,1,1,3,0,0,0,8,0.174,0.391,0.2,0.591
Welington,Castillo,CHC,C,52,170,16,45,11,0,5,22,0,0,17,51,0.265,0.418,0.337,0.755
Jason,Castro,HOU,C,87,257,29,66,15,2,6,29,0,0,31,61,0.257,0.401,0.334,0.735
Starlin,Castro,CHC,SS,162,646,78,183,29,12,14,78,25,13,36,100,0.283,0.43,0.323,0.753
Ronny,Cedeno,NY-N,SS,78,166,18,43,11,1,4,22,0,1,17,35,0.259,0.41,0.332,0.742
Francisco,Cervelli,NY-A,C,3,1,1,0,0,0,0,0,0,0,1,0,0,0,0.5,0.5
Yoenis,Cespedes,OAK,OF,129,487,70,142,25,5,23,82,16,4,43,102,0.292,0.505,0.356,0.861
Adron,Chambers,STL,OF,41,54,4,12,0,2,0,4,2,1,5,18,0.222,0.296,0.3,0.596
Eric,Chavez,NY-A,3B,113,278,36,78,12,0,16,37,0,0,30,59,0.281,0.496,0.348,0.844
Endy,Chavez,BAL,OF,64,158,15,32,6,0,2,12,3,2,6,24,0.203,0.278,0.236,0.514
Lonnie,Chisenhall,CLE,3B,43,142,16,38,6,1,5,16,2,1,8,27,0.268,0.43,0.311,0.741
Shin-Soo,Choo,CLE,OF,155,598,88,169,43,2,16,67,21,7,73,150,0.283,0.441,0.373,0.814
Justin,Christian,SF,OF,34,56,6,7,1,0,0,2,2,1,5,3,0.125,0.143,0.197,0.34
Pedro,Ciriaco,BOS,3B,76,259,33,76,15,2,2,19,16,3,8,47,0.293,0.39,0.315,0.705
Jeff,Clement,PIT,1B,23,22,1,3,1,0,0,1,0,0,2,7,0.136,0.182,0.208,0.39
Steve,Clevenger,CHC,C,69,199,16,40,12,0,1,16,0,1,16,39,0.201,0.276,0.26,0.536
Chris,Coghlan,MIA,OF,39,93,10,13,1,0,1,10,0,2,9,12,0.14,0.183,0.212,0.395
Tyler,Colvin,COL,OF,136,420,62,122,27,10,18,72,7,3,21,117,0.29,0.531,0.327,0.858
Hank,Conger,LAA,C,7,18,0,3,0,0,0,1,0,0,1,0,0.167,0.167,0.238,0.405
Brooks,Conrad,MIL,3B,25,40,2,3,0,0,2,6,0,0,3,16,0.075,0.225,0.136,0.361
Brooks,Conrad,TB,3B,24,58,4,10,5,0,2,9,0,0,3,27,0.172,0.362,0.213,0.575
Jose,Constanza,ATL,OF,37,76,8,19,2,0,0,4,5,2,8,21,0.25,0.276,0.321,0.597
David,Cooper,TOR,1B,45,140,16,42,11,0,4,11,0,1,4,22,0.3,0.464,0.324,0.788
Carlos,Corporan,HOU,C,27,78,5,21,2,0,4,13,0,1,4,19,0.269,0.449,0.31,0.759
Mike,Costanzo,CIN,1B,17,18,0,1,0,0,0,2,0,0,1,10,0.056,0.056,0.095,0.151
Scott,Cousins,MIA,OF,53,86,7,14,4,1,1,3,1,1,4,24,0.163,0.267,0.2,0.467
Collin,Cowgill,OAK,OF,38,104,10,28,2,0,1,9,3,4,11,27,0.269,0.317,0.336,0.653
Zack,Cozart,CIN,SS,138,561,72,138,33,4,15,35,4,0,31,113,0.246,0.399,0.288,0.687
Allen,Craig,STL,1B,119,469,76,144,35,0,22,92,2,1,37,89,0.307,0.522,0.354,0.876
Carl,Crawford,BOS,OF,31,117,23,33,10,2,3,19,5,0,3,22,0.282,0.479,0.306,0.785
Brandon,Crawford,SF,SS,143,435,44,108,26,3,4,45,1,4,33,95,0.248,0.349,0.304,0.653
Coco,Crisp,OAK,OF,120,455,68,118,25,7,11,46,39,4,45,64,0.259,0.418,0.325,0.743
Luis,Cruz,LAD,3B,78,283,26,84,20,0,6,40,2,1,9,34,0.297,0.431,0.322,0.753
Nelson,Cruz,TEX,OF,159,585,86,152,45,0,24,90,8,4,48,140,0.26,0.46,0.319,0.779
Tony,Cruz,STL,C,51,126,11,32,9,1,1,11,0,1,3,19,0.254,0.365,0.267,0.632
Michael,Cuddyer,COL,OF,101,358,53,93,30,2,16,58,8,3,32,78,0.26,0.489,0.317,0.806
Charlie,Culberson,SF,OF,6,22,0,3,0,0,0,1,0,0,0,7,0.136,0.136,0.136,0.272
Aaron,Cunningham,CLE,OF,72,97,5,17,4,0,1,7,0,3,9,25,0.175,0.247,0.245,0.492
Chase,d'Arnaud,PIT,SS,8,6,2,0,0,0,0,1,1,0,0,2,0,0,0,0
Johnny,Damon,CLE,OF,64,207,25,46,6,2,4,19,4,0,17,27,0.222,0.329,0.281,0.61
Jordan,Danks,CWS,OF,50,67,12,15,1,0,1,4,3,1,6,16,0.224,0.284,0.28,0.564
James,Darnell,SD,OF,7,17,1,4,1,0,1,1,0,0,2,2,0.235,0.471,0.316,0.787
Ike,Davis,NY-N,1B,156,519,66,118,26,0,32,90,0,2,61,141,0.227,0.462,0.308,0.77
Rajai,Davis,TOR,OF,142,447,64,115,24,3,8,43,46,13,29,102,0.257,0.378,0.309,0.687
Chris,Davis,BAL,1B,139,515,75,139,20,0,33,85,2,3,37,169,0.27,0.501,0.326,0.827
Alejandro,De Aza,CWS,OF,131,524,81,147,29,6,9,50,26,12,47,109,0.281,0.41,0.349,0.759
Ivan,De Jesus,LAD,2B,23,33,5,9,3,0,0,4,1,1,3,7,0.273,0.364,0.324,0.688
Ivan,De Jesus,BOS,2B,8,8,0,0,0,0,0,0,0,0,0,6,0,0,0,0
David,DeJesus,CHC,OF,148,506,76,133,28,8,9,50,7,8,61,89,0.263,0.403,0.35,0.753
Chris,Denorfia,SD,OF,130,348,56,102,19,6,8,36,13,5,27,52,0.293,0.451,0.345,0.796
Mark,DeRosa,WAS,OF,48,85,13,16,5,0,0,6,1,0,14,18,0.188,0.247,0.3,0.547
Daniel,Descalso,STL,2B,143,374,41,85,10,7,4,26,6,3,37,83,0.227,0.324,0.303,0.627
Ian,Desmond,WAS,SS,130,513,72,150,33,2,25,73,21,6,30,113,0.292,0.511,0.335,0.846
Blake,DeWitt,CHC,2B,18,29,1,4,1,0,0,1,0,0,0,2,0.138,0.172,0.133,0.305
Juan,Diaz,CLE,SS,5,15,4,4,0,0,0,0,0,0,1,5,0.267,0.267,0.353,0.62
Matt,Diaz,ATL,OF,51,108,10,24,6,0,2,13,0,0,9,21,0.222,0.333,0.28,0.613
Chris,Dickerson,NY-A,OF,25,14,5,4,0,0,2,5,3,0,3,5,0.286,0.714,0.412,1.126
Andy,Dirks,DET,OF,88,314,56,101,18,5,8,35,1,1,23,53,0.322,0.487,0.37,0.857
Greg,Dobbs,MIA,1B,120,319,26,91,13,2,5,39,4,2,14,53,0.285,0.386,0.313,0.699
Matt,Dominguez,HOU,3B,31,109,14,31,2,2,5,16,0,0,4,17,0.284,0.477,0.31,0.787
Jason,Donald,CLE,SS,43,124,18,25,2,1,2,11,4,0,5,40,0.202,0.282,0.246,0.528
Josh,Donaldson,OAK,3B,75,274,34,66,16,0,9,33,4,1,14,61,0.241,0.398,0.289,0.687
Ryan,Doumit,MIN,C,134,484,56,133,34,1,18,75,0,0,29,98,0.275,0.461,0.32,0.781
Matt,Downs,HOU,1B,91,178,15,36,4,1,8,16,2,4,8,38,0.202,0.371,0.253,0.624
Brian,Dozier,MIN,2B,84,316,33,74,11,1,6,33,9,2,16,58,0.234,0.332,0.271,0.603
Stephen,Drew,OAK,SS,39,152,21,38,5,0,5,16,1,1,18,41,0.25,0.382,0.326,0.708
Stephen,Drew,AZ,SS,40,135,17,26,8,1,2,12,0,1,19,35,0.193,0.311,0.29,0.601
Lucas,Duda,NY-N,OF,121,401,43,96,15,0,15,57,1,0,51,120,0.239,0.389,0.329,0.718
Shelley,Duncan,CLE,OF,81,232,29,47,10,0,11,31,1,2,28,59,0.203,0.388,0.288,0.676
Adam,Dunn,CWS,1B,151,539,87,110,19,0,41,96,2,1,105,222,0.204,0.468,0.333,0.801
Jarrod,Dyson,KC,OF,102,292,52,76,8,5,0,9,30,5,30,56,0.26,0.322,0.328,0.65
Adam,Eaton,AZ,OF,22,85,19,22,3,2,2,5,2,3,14,15,0.259,0.412,0.382,0.794
Brad,Eldred,DET,1B,5,16,1,3,1,1,0,1,0,0,1,6,0.188,0.375,0.235,0.61
A.J.,Ellis,LAD,C,133,423,44,114,20,1,13,52,0,0,65,107,0.27,0.414,0.373,0.787
Mark,Ellis,LAD,2B,110,415,62,107,21,1,7,31,5,0,40,70,0.258,0.364,0.333,0.697
Jacoby,Ellsbury,BOS,OF,74,303,43,82,18,0,4,26,14,3,19,43,0.271,0.37,0.313,0.683
Jake,Elmore,AZ,SS,30,68,1,13,4,0,0,7,0,0,5,6,0.191,0.25,0.247,0.497
Edwin,Encarnacion,TOR,1B,151,542,93,152,24,0,42,110,13,3,84,94,0.28,0.557,0.384,0.941
Yunel,Escobar,TOR,SS,145,558,58,141,22,1,9,51,5,1,35,70,0.253,0.344,0.3,0.644
Alcides,Escobar,KC,SS,155,605,68,177,30,7,5,52,35,5,27,100,0.293,0.39,0.331,0.721
Eduardo,Escobar,MIN,3B,14,44,4,10,0,0,0,6,1,0,2,8,0.227,0.227,0.271,0.498
Eduardo,Escobar,CWS,3B,36,87,14,18,4,1,0,3,2,0,9,23,0.207,0.276,0.281,0.557
Danny,Espinosa,WAS,2B,160,594,82,147,37,2,17,56,20,6,46,189,0.247,0.402,0.315,0.717
Andre,Ethier,LAD,OF,149,556,79,158,36,1,20,89,2,2,50,124,0.284,0.46,0.351,0.811
Luis,Exposito,BAL,C,9,18,2,1,0,0,0,0,0,0,3,5,0.056,0.056,0.19,0.246
Irving,Falu,KC,2B,24,85,14,29,6,1,0,7,0,2,4,9,0.341,0.435,0.371,0.806
Eric,Farris,MIL,2B,13,8,1,1,0,0,0,0,1,0,1,2,0.125,0.125,0.222,0.347
Tim,Federowicz,LAD,C,3,3,0,1,0,0,0,0,0,0,1,2,0.333,0.333,0.5,0.833
Tommy,Field,COL,SS,2,2,0,0,0,0,0,0,0,0,1,1,0,0,0.333,0.333
Prince,Fielder,DET,1B,162,581,83,182,33,1,30,108,1,0,85,84,0.313,0.528,0.412,0.94
Chone,Figgins,SEA,OF,66,166,18,30,5,2,2,11,4,1,19,48,0.181,0.271,0.262,0.533
Ryan,Flaherty,BAL,2B,77,153,15,33,2,1,6,19,1,0,6,43,0.216,0.359,0.258,0.617
Jesus,Flores,WAS,C,83,277,22,59,12,1,6,26,1,2,13,59,0.213,0.329,0.248,0.577
Pedro,Florimon,MIN,SS,43,137,16,30,5,2,1,10,3,1,10,30,0.219,0.307,0.272,0.579
Tyler,Flowers,CWS,C,52,136,19,29,6,0,7,13,2,1,12,56,0.213,0.412,0.296,0.708
Mike,Fontenot,PHI,2B,47,97,13,28,2,0,1,5,0,1,7,23,0.289,0.34,0.343,0.683
Lew,Ford,BAL,OF,25,71,7,13,3,0,3,4,1,0,7,13,0.183,0.352,0.256,0.608
Logan,Forsythe,SD,2B,91,315,45,86,13,3,6,26,8,2,28,57,0.273,0.39,0.343,0.733
Dexter,Fowler,COL,OF,143,454,72,136,18,11,13,53,12,5,68,128,0.3,0.474,0.389,0.863
Juan,Francisco,ATL,3B,93,192,17,45,11,0,9,32,1,1,11,70,0.234,0.432,0.278,0.71
Ben,Francisco,TOR,OF,27,50,5,12,5,1,0,2,0,1,4,10,0.24,0.38,0.296,0.676
Ben,Francisco,HOU,OF,31,85,5,21,4,0,2,5,0,0,5,23,0.247,0.365,0.289,0.654
Ben,Francisco,TB,OF,24,57,4,13,5,0,2,8,0,0,4,16,0.228,0.421,0.27,0.691
Jeff,Francoeur,KC,OF,148,561,58,132,26,3,16,49,4,7,34,119,0.235,0.378,0.287,0.665
Kevin,Frandsen,PHI,2B,55,195,24,66,10,3,2,14,0,1,9,18,0.338,0.451,0.383,0.834
Todd,Frazier,CIN,3B,128,422,55,115,26,6,19,67,3,2,36,103,0.273,0.498,0.331,0.829
Freddie,Freeman,ATL,1B,147,540,91,140,33,2,23,94,2,0,64,129,0.259,0.456,0.34,0.796
David,Freese,STL,3B,144,501,70,147,25,1,20,79,3,3,57,122,0.293,0.467,0.372,0.839
Eric,Fryer,PIT,C,6,4,0,1,0,0,0,0,0,0,1,1,0.25,0.25,0.4,0.65
Kosuke,Fukudome,CWS,OF,24,41,2,7,1,0,0,4,0,1,8,9,0.171,0.195,0.294,0.489
Sam,Fuld,TB,OF,44,98,14,25,3,2,0,5,7,2,8,14,0.255,0.327,0.318,0.645
Rafael,Furcal,STL,SS,121,477,69,126,18,3,5,49,12,4,44,57,0.264,0.346,0.325,0.671
Freddy,Galvis,PHI,2B,58,190,14,43,15,1,3,24,0,0,7,29,0.226,0.363,0.254,0.617
Mat,Gamel,MIL,1B,21,69,10,17,2,1,1,6,3,0,4,15,0.246,0.348,0.293,0.641
Avisail,Garcia,DET,OF,23,47,7,15,0,0,0,3,0,2,3,10,0.319,0.319,0.373,0.692
Brett,Gardner,NY-A,OF,16,31,7,10,2,0,0,3,2,2,5,7,0.323,0.387,0.417,0.804
Craig,Gentry,TEX,OF,122,240,31,73,12,3,1,26,13,7,14,41,0.304,0.392,0.367,0.759
Chris,Getz,KC,2B,64,189,22,52,10,3,0,17,9,3,11,17,0.275,0.36,0.312,0.672
Jason,Giambi,COL,DH,60,89,7,20,4,0,1,8,0,0,20,24,0.225,0.303,0.372,0.675
Johnny,Giavotella,KC,2B,53,181,21,43,7,1,1,15,3,0,8,35,0.238,0.304,0.27,0.574
Conor,Gillaspie,SF,3B,6,20,2,3,1,0,0,2,0,0,0,2,0.15,0.2,0.15,0.35
Hector,Gimenez,CWS,C,5,11,1,5,0,0,0,1,0,0,0,3,0.455,0.455,0.455,0.91
Chris,Gimenez,TB,C,42,100,10,26,4,0,1,9,0,0,8,24,0.26,0.33,0.315,0.645
Paul,Goldschmidt,AZ,1B,145,514,82,147,43,1,20,82,18,3,60,130,0.286,0.49,0.359,0.849
Yan,Gomes,TOR,C,43,98,9,20,4,0,4,13,0,0,6,32,0.204,0.367,0.264,0.631
Jonny,Gomes,OAK,OF,99,279,46,73,10,0,18,47,3,1,44,104,0.262,0.491,0.377,0.868
Carlos,Gomez,MIL,OF,137,415,72,108,19,4,19,51,37,6,20,98,0.26,0.463,0.305,0.768
Mauro,Gomez,BOS,1B,37,102,14,28,5,2,2,17,0,0,8,26,0.275,0.422,0.324,0.746
Alberto,Gonzalez,TEX,SS,24,54,7,13,2,1,0,4,0,0,0,9,0.241,0.315,0.241,0.556
Carlos,Gonzalez,COL,OF,135,518,89,157,31,5,22,85,20,5,56,115,0.303,0.51,0.371,0.881
Marwin,Gonzalez,HOU,SS,80,205,21,48,13,0,2,12,3,3,13,29,0.234,0.327,0.28,0.607
Alex,Gonzalez,MIL,SS,24,81,8,21,4,0,4,15,1,1,6,15,0.259,0.457,0.326,0.783
Adrian,Gonzalez,BOS,1B,123,484,63,145,37,0,15,86,0,0,31,81,0.3,0.469,0.343,0.812
Adrian,Gonzalez,LAD,1B,36,145,12,43,10,1,3,22,2,0,11,29,0.297,0.441,0.344,0.785
Alex,Gordon,KC,OF,161,642,93,189,51,5,14,72,10,5,73,140,0.294,0.455,0.368,0.823
Dee,Gordon,LAD,SS,87,303,38,69,9,2,1,17,32,10,20,62,0.228,0.281,0.28,0.561
Anthony,Gose,TOR,OF,56,166,25,37,7,3,1,11,15,3,17,59,0.223,0.319,0.303,0.622
Tyler,Graham,AZ,OF,10,2,1,0,0,0,0,0,0,1,0,2,0,0,0,0
Yasmani,Grandal,SD,C,60,192,28,57,7,1,8,36,0,0,31,39,0.297,0.469,0.394,0.863
Curtis,Granderson,NY-A,OF,160,596,102,138,18,4,43,106,10,3,75,195,0.232,0.492,0.319,0.811
Nick,Green,MIA,3B,7,23,1,4,3,0,0,1,0,0,0,6,0.174,0.304,0.208,0.512
Taylor,Green,MIL,1B,58,103,8,19,7,0,3,14,0,0,10,24,0.184,0.34,0.265,0.605
Adam,Greenberg,MIA,OF,1,1,0,0,0,0,0,0,0,0,0,1,0,0,0,0
Tyler,Greene,STL,SS,77,179,16,39,9,2,4,19,9,2,13,56,0.218,0.358,0.272,0.63
Tyler,Greene,HOU,SS,39,126,18,31,6,0,7,11,3,2,6,39,0.246,0.46,0.278,0.738
Didi,Gregorius,CIN,SS,8,20,1,6,0,0,0,2,0,0,0,5,0.3,0.3,0.3,0.6
Franklin,Gutierrez,SEA,OF,40,150,18,39,10,1,4,17,3,1,9,31,0.26,0.42,0.309,0.729
Brandon,Guyer,TB,OF,3,7,2,1,0,0,1,1,0,0,0,1,0.143,0.571,0.143,0.714
Jesus,Guzman,SD,OF,120,287,32,71,18,2,9,48,3,3,29,71,0.247,0.418,0.319,0.737
Tony,Gwynn Jr.,LAD,OF,103,259,29,60,8,4,0,17,13,6,16,52,0.232,0.293,0.276,0.569
Travis,Hafner,CLE,DH,66,219,23,50,6,2,12,34,0,0,32,47,0.228,0.438,0.346,0.784
Matt,Hague,PIT,1B,30,70,5,16,2,0,0,7,1,0,3,14,0.229,0.257,0.27,0.527
Scott,Hairston,NY-N,OF,134,377,52,99,25,3,20,57,8,2,19,83,0.263,0.504,0.299,0.803
Jerry,Hairston Jr.,LAD,3B,78,238,19,65,13,1,4,26,1,2,23,27,0.273,0.387,0.342,0.729
Bill,Hall,BAL,SS,7,9,2,2,0,0,1,1,0,0,5,7,0.222,0.556,0.5,1.056
Josh,Hamilton,TEX,OF,148,562,103,160,31,2,43,128,7,4,60,162,0.285,0.577,0.354,0.931
Ryan,Hanigan,CIN,C,112,317,25,87,14,0,2,24,0,0,44,37,0.274,0.338,0.365,0.703
Jack,Hannahan,CLE,3B,105,287,23,70,16,0,4,29,0,2,27,63,0.244,0.341,0.312,0.653
J.J.,Hardy,BAL,SS,158,663,85,158,30,2,22,68,0,0,38,106,0.238,0.389,0.282,0.671
Bryce,Harper,WAS,OF,139,533,98,144,26,9,22,59,18,6,56,120,0.27,0.477,0.34,0.817
Willie,Harris,CIN,2B,25,44,5,5,4,0,0,2,1,1,3,8,0.114,0.205,0.17,0.375
Josh,Harrison,PIT,OF,104,249,34,58,9,5,3,16,7,3,10,37,0.233,0.345,0.279,0.624
Corey,Hart,MIL,1B,149,562,91,152,35,4,30,83,5,0,44,151,0.27,0.507,0.334,0.841
Brett,Hayes,MIA,C,39,114,7,23,6,0,0,3,1,0,4,49,0.202,0.254,0.229,0.483
Chase,Headley,SD,3B,161,604,95,173,31,2,31,115,17,6,86,157,0.286,0.498,0.376,0.874
Adeiny,Hechavarria,TOR,SS,41,126,10,32,8,0,2,15,0,0,4,32,0.254,0.365,0.28,0.645
Chris,Heisey,CIN,OF,120,347,44,92,16,5,7,31,6,3,18,81,0.265,0.401,0.315,0.716
Todd,Helton,COL,1B,69,240,31,57,16,1,7,37,1,1,39,44,0.238,0.4,0.343,0.743
Jeremy,Hermida,SD,OF,13,24,2,6,1,1,0,2,1,0,3,7,0.25,0.375,0.333,0.708
Luis,Hernandez,TEX,SS,2,2,0,0,0,0,0,0,0,0,0,0,0,0,0,0
Ramon,Hernandez,COL,C,52,184,16,40,10,0,5,28,0,1,6,32,0.217,0.353,0.247,0.6
Gorkys,Hernandez,PIT,OF,25,24,2,2,0,0,0,2,2,0,1,5,0.083,0.083,0.154,0.237
Gorkys,Hernandez,MIA,OF,45,132,16,28,2,3,3,11,5,2,12,37,0.212,0.341,0.288,0.629
Elian,Herrera,LAD,3B,67,187,26,47,10,1,1,17,4,2,23,50,0.251,0.332,0.34,0.672
Jonathan,Herrera,COL,SS,86,225,29,59,9,1,3,12,4,1,16,39,0.262,0.351,0.317,0.668
Chris,Herrmann,MIN,OF,7,18,0,1,0,0,0,1,0,0,1,5,0.056,0.056,0.105,0.161
John,Hester,LAA,C,39,85,14,18,1,0,3,4,0,0,8,25,0.212,0.329,0.287,0.616
Jason,Heyward,ATL,OF,158,587,93,158,30,6,27,82,21,8,58,152,0.269,0.479,0.335,0.814
Brandon,Hicks,OAK,SS,22,64,8,11,5,0,3,7,1,0,6,31,0.172,0.391,0.243,0.634
Steve,Hill,STL,C,9,10,1,2,1,0,0,0,0,0,0,3,0.2,0.3,0.2,0.5
Koyie,Hill,CHC,C,11,39,3,7,1,0,0,1,0,0,0,7,0.179,0.205,0.179,0.384
Aaron,Hill,AZ,2B,156,609,93,184,44,6,26,85,14,5,52,86,0.302,0.522,0.36,0.882
Eric,Hinske,ATL,1B,91,132,9,26,7,1,2,13,0,0,14,41,0.197,0.311,0.272,0.583
L.J.,Hoes,BAL,OF,2,1,0,0,0,0,0,0,0,0,0,0,0,0,0,0
Bryan,Holaday,DET,C,6,12,3,3,1,0,0,0,0,0,0,2,0.25,0.333,0.25,0.583
Matt,Holliday,STL,OF,157,599,95,177,36,2,27,102,4,4,75,132,0.295,0.497,0.379,0.876
Brock,Holt,PIT,2B,24,65,6,19,2,1,0,3,0,0,4,14,0.292,0.354,0.329,0.683
Eric,Hosmer,KC,1B,152,535,65,124,22,2,14,60,16,1,56,95,0.232,0.359,0.304,0.663
Ryan,Howard,PHI,1B,71,260,28,57,11,0,14,56,0,0,25,99,0.219,0.423,0.295,0.718
Orlando,Hudson,SD,2B,35,123,11,26,0,5,1,11,3,2,8,27,0.211,0.317,0.26,0.577
Orlando,Hudson,CWS,2B,51,137,10,27,3,3,2,17,3,1,12,24,0.197,0.307,0.262,0.569
Aubrey,Huff,SF,1B,52,78,7,15,4,0,1,7,0,0,16,12,0.192,0.282,0.326,0.608
Luke,Hughes,MIN,3B,4,10,0,2,0,0,0,2,1,0,0,4,0.2,0.2,0.182,0.382
Luke,Hughes,OAK,3B,4,13,0,1,0,0,0,0,0,0,0,6,0.077,0.077,0.077,0.154
Nick,Hundley,SD,C,58,204,14,32,7,1,3,22,0,3,15,56,0.157,0.245,0.219,0.464
Torii,Hunter,LAA,OF,140,534,81,167,24,1,16,92,9,1,38,133,0.313,0.451,0.365,0.816
Chris,Iannetta,LAA,C,79,221,27,53,6,1,9,26,1,3,29,60,0.24,0.398,0.332,0.73
Raul,Ibanez,NY-A,OF,130,384,50,92,19,3,19,62,3,0,35,67,0.24,0.453,0.308,0.761
Jose,Iglesias,BOS,SS,25,68,5,8,2,0,1,2,1,0,4,16,0.118,0.191,0.2,0.391
Omar,Infante,DET,2B,64,226,27,58,7,5,4,20,7,2,9,23,0.257,0.385,0.283,0.668
Omar,Infante,MIA,2B,85,328,42,94,23,2,8,33,10,1,12,42,0.287,0.442,0.312,0.754
Brandon,Inge,DET,3B,9,20,2,2,1,0,1,2,0,0,0,6,0.1,0.3,0.1,0.4
Brandon,Inge,OAK,3B,74,283,31,64,13,0,11,52,0,1,24,85,0.226,0.389,0.286,0.675
Travis,Ishikawa,MIL,1B,94,152,19,39,12,1,4,30,0,0,13,42,0.257,0.428,0.329,0.757
Maicer,Izturis,LAA,3B,100,289,35,74,11,0,2,20,17,2,25,38,0.256,0.315,0.32,0.635
Cesar,Izturis,WAS,SS,5,4,4,2,1,0,0,0,0,0,0,0,0.5,0.75,0.5,1.25
Cesar,Izturis,MIL,SS,57,162,9,38,6,2,2,11,1,1,3,13,0.235,0.333,0.248,0.581
Austin,Jackson,DET,OF,137,543,103,163,29,10,16,66,12,9,67,134,0.3,0.479,0.377,0.856
Ryan,Jackson,STL,SS,13,17,2,2,0,0,0,0,0,0,1,3,0.118,0.118,0.167,0.285
Brett,Jackson,CHC,OF,44,120,14,21,6,1,4,9,0,3,22,59,0.175,0.342,0.303,0.645
Mike,Jacobs,AZ,1B,13,19,4,4,1,0,0,2,0,0,4,6,0.211,0.263,0.348,0.611
Paul,Janish,ATL,SS,55,167,18,31,6,1,0,9,1,0,17,30,0.186,0.234,0.269,0.503
John,Jaso,SEA,C,108,294,41,81,19,2,10,50,5,0,56,51,0.276,0.456,0.394,0.85
Jon,Jay,STL,OF,117,443,70,135,22,4,4,40,19,7,34,71,0.305,0.4,0.373,0.773
Desmond,Jennings,TB,OF,132,505,85,124,19,7,13,47,31,2,46,120,0.246,0.388,0.314,0.702
Derek,Jeter,NY-A,SS,159,683,99,216,32,0,15,58,9,4,45,90,0.316,0.429,0.362,0.791
Luis,Jimenez,SEA,1B,7,17,0,1,0,0,0,0,0,0,1,4,0.059,0.059,0.111,0.17
Dan,Johnson,CWS,DH,14,22,8,8,1,0,3,6,0,0,9,3,0.364,0.818,0.548,1.366
Kelly,Johnson,TOR,2B,142,507,61,114,19,2,16,55,14,2,62,159,0.225,0.365,0.313,0.678
Elliot,Johnson,TB,SS,123,297,32,72,10,2,6,33,18,6,24,84,0.242,0.35,0.304,0.654
Nick,Johnson,BAL,DH,38,87,9,18,4,0,4,11,2,0,11,26,0.207,0.391,0.324,0.715
Reed,Johnson,CHC,OF,76,169,23,51,9,3,3,16,2,1,10,43,0.302,0.444,0.355,0.799
Reed,Johnson,ATL,OF,43,100,7,27,5,0,0,4,0,1,3,18,0.27,0.32,0.305,0.625
Chris,Johnson,AZ,3B,44,147,12,42,7,2,7,35,1,0,8,40,0.286,0.503,0.321,0.824
Chris,Johnson,HOU,3B,92,341,36,95,21,3,8,41,4,1,23,92,0.279,0.428,0.329,0.757
Rob,Johnson,NY-N,C,17,52,3,13,2,0,0,4,0,0,4,10,0.25,0.288,0.298,0.586
Adam,Jones,BAL,OF,162,648,103,186,39,3,32,82,16,7,34,126,0.287,0.505,0.334,0.839
Chipper,Jones,ATL,3B,112,387,58,111,23,0,14,62,1,0,57,51,0.287,0.455,0.377,0.832
Andruw,Jones,NY-A,OF,94,233,27,46,7,0,14,34,0,0,28,71,0.197,0.408,0.294,0.702
Garrett,Jones,PIT,1B,145,475,68,130,28,3,27,86,2,0,33,103,0.274,0.516,0.317,0.833
Matt,Joyce,TB,OF,124,399,55,96,18,3,17,59,4,3,55,102,0.241,0.429,0.341,0.77
Kila,Ka'aihue,OAK,1B,39,128,13,30,9,0,4,14,1,0,10,28,0.234,0.398,0.295,0.693
Ryan,Kalish,BOS,OF,36,96,12,22,3,0,0,5,3,2,6,26,0.229,0.26,0.272,0.532
Munenori,Kawasaki,SEA,SS,61,104,13,20,1,0,0,7,2,2,8,18,0.192,0.202,0.257,0.459
Austin,Kearns,MIA,OF,87,147,21,36,6,0,4,16,2,1,22,44,0.245,0.367,0.366,0.733
Don,Kelly,DET,OF,75,113,14,21,2,1,1,7,2,0,14,22,0.186,0.248,0.276,0.524
Matt,Kemp,LAD,OF,106,403,74,122,22,2,23,69,9,4,40,103,0.303,0.538,0.367,0.905
Howie,Kendrick,LAA,2B,147,550,57,158,32,3,8,67,14,6,29,115,0.287,0.4,0.325,0.725
Adam,Kennedy,LAD,3B,86,168,22,44,8,1,2,16,1,1,23,33,0.262,0.357,0.345,0.702
Jeff,Keppinger,TB,3B,115,385,46,125,15,1,9,40,1,0,24,31,0.325,0.439,0.367,0.806
Ian,Kinsler,TEX,2B,157,655,105,168,42,5,19,72,21,9,60,90,0.256,0.423,0.326,0.749
Jason,Kipnis,CLE,2B,152,591,86,152,22,4,14,76,31,7,67,109,0.257,0.379,0.335,0.714
Erik,Komatsu,MIN,OF,15,32,2,7,0,0,0,1,0,0,4,3,0.219,0.219,0.297,0.516
Erik,Komatsu,STL,OF,15,19,3,4,0,0,0,0,0,0,2,2,0.211,0.211,0.286,0.497
Paul,Konerko,CWS,1B,144,533,66,159,22,0,26,75,0,0,56,83,0.298,0.486,0.371,0.857
Casey,Kotchman,CLE,1B,142,463,46,106,12,0,12,55,3,0,26,49,0.229,0.333,0.28,0.613
Mark,Kotsay,SD,OF,82,143,9,37,8,0,2,14,0,2,11,14,0.259,0.357,0.314,0.671
George,Kottaras,MIL,C,58,86,10,18,4,0,3,12,0,0,29,24,0.209,0.36,0.409,0.769
George,Kottaras,OAK,C,27,85,10,18,2,1,6,19,0,0,8,24,0.212,0.471,0.28,0.751
Pete,Kozma,STL,SS,26,72,11,24,5,3,2,14,2,0,7,19,0.333,0.569,0.383,0.952
Erik,Kratz,PHI,C,50,141,14,35,9,0,9,26,0,0,11,34,0.248,0.504,0.306,0.81
Jason,Kubel,AZ,OF,141,506,75,128,30,4,30,90,1,1,57,151,0.253,0.506,0.327,0.833
Bryan,LaHair,CHC,1B,130,340,42,88,17,0,16,40,4,2,39,124,0.259,0.45,0.334,0.784
Gerald,Laird,DET,C,63,174,24,49,8,1,2,11,0,0,14,21,0.282,0.374,0.337,0.711
Brandon,Laird,HOU,3B,17,35,2,9,1,0,1,4,0,0,2,8,0.257,0.371,0.297,0.668
Blake,Lalli,CHC,C,6,15,1,2,0,0,0,2,0,0,1,3,0.133,0.133,0.188,0.321
Ryan,Langerhans,LAA,OF,2,1,0,0,0,0,0,0,0,0,0,1,0,0,0,0
Matt,LaPorta,CLE,1B,22,58,2,14,2,0,1,5,0,0,1,17,0.241,0.328,0.267,0.595
Adam,LaRoche,WAS,1B,154,571,76,155,35,1,33,100,1,1,67,138,0.271,0.51,0.343,0.853
Ryan,Lavarnway,BOS,C,46,153,11,24,8,0,2,12,0,0,11,41,0.157,0.248,0.211,0.459
Brett,Lawrie,TOR,3B,125,494,73,135,26,3,11,48,13,8,33,86,0.273,0.405,0.324,0.729
Carlos,Lee,HOU,1B,66,258,24,74,15,1,5,29,0,0,19,17,0.287,0.411,0.336,0.747
Carlos,Lee,MIA,1B,81,292,29,71,12,0,4,48,3,0,39,32,0.243,0.325,0.328,0.653
DJ,LeMahieu,COL,2B,81,229,26,68,12,4,2,22,1,2,13,42,0.297,0.41,0.332,0.742
Sandy,Leon,WAS,C,12,30,2,8,2,0,0,2,0,0,4,11,0.267,0.333,0.389,0.722
Steve,Lerud,PHI,C,3,10,1,2,0,0,0,0,0,0,0,2,0.2,0.2,0.2,0.4
Fred,Lewis,NY-N,OF,18,20,2,3,0,0,0,0,0,0,4,5,0.15,0.15,0.32,0.47
Alex,Liddi,SEA,3B,38,116,8,26,4,1,3,10,2,1,9,49,0.224,0.353,0.278,0.631
Brent,Lillibridge,CLE,OF,43,111,15,24,5,0,3,8,6,0,7,40,0.216,0.342,0.276,0.618
Brent,Lillibridge,CWS,OF,49,63,10,11,1,0,0,2,7,2,4,26,0.175,0.19,0.232,0.422
Brent,Lillibridge,BOS,OF,10,16,0,2,0,0,0,0,0,0,0,5,0.125,0.125,0.125,0.25
Che-Hsuan,Lin,BOS,OF,9,12,1,3,0,0,0,0,0,0,0,5,0.25,0.25,0.25,0.5
Adam,Lind,TOR,1B,93,321,28,82,14,2,11,45,0,0,29,61,0.255,0.414,0.314,0.728
Jose,Lobaton,TB,C,69,167,16,37,10,0,2,20,0,1,24,46,0.222,0.317,0.323,0.64
Steve,Lombardozzi,WAS,2B,126,384,40,105,16,3,3,27,5,3,19,46,0.273,0.354,0.317,0.671
James,Loney,LAD,1B,114,334,32,85,18,0,4,33,0,3,23,39,0.254,0.344,0.302,0.646
James,Loney,BOS,1B,30,100,5,23,2,0,2,8,0,0,5,12,0.23,0.31,0.264,0.574
Evan,Longoria,TB,3B,74,273,39,79,14,0,17,55,2,3,33,61,0.289,0.527,0.369,0.896
Jose,Lopez,CLE,3B,66,213,16,53,13,0,4,28,0,1,8,35,0.249,0.366,0.272,0.638
Jose,Lopez,CWS,3B,15,23,2,5,1,0,0,0,0,0,1,6,0.217,0.261,0.25,0.511
David,Lough,KC,OF,20,59,9,14,2,1,0,2,1,0,4,9,0.237,0.305,0.292,0.597
Jed,Lowrie,HOU,SS,97,340,43,83,18,0,16,42,2,0,43,65,0.244,0.438,0.331,0.769
Jonathan,Lucroy,MIL,C,96,316,46,101,17,4,12,58,4,1,22,44,0.32,0.513,0.368,0.881
Ryan,Ludwick,CIN,OF,125,422,53,116,28,1,26,80,0,1,42,97,0.275,0.531,0.346,0.877
Hector,Luna,PHI,1B,28,62,5,14,2,0,2,10,0,0,4,14,0.226,0.355,0.273,0.628
Zach,Lutz,NY-N,3B,7,11,1,1,0,0,0,0,0,0,0,5,0.091,0.091,0.091,0.182
Manny,Machado,BAL,3B,51,191,24,50,8,3,7,26,2,0,9,38,0.262,0.445,0.294,0.739
Joe,Mahoney,BAL,1B,2,4,0,0,0,0,0,0,0,0,0,0,0,0,0,0
Mitch,Maier,KC,OF,32,64,8,11,1,1,2,7,2,0,8,24,0.172,0.313,0.26,0.573
Carlos,Maldonado,WAS,C,4,9,0,0,0,0,0,1,0,0,2,4,0,0,0.182,0.182
Martin,Maldonado,MIL,C,78,233,22,62,9,0,8,30,1,1,17,56,0.266,0.408,0.321,0.729
Nick,Markakis,BAL,OF,104,420,59,125,28,3,13,54,1,1,42,51,0.298,0.471,0.363,0.834
Lou,Marson,CLE,C,70,195,27,44,8,2,0,13,4,2,36,44,0.226,0.287,0.348,0.635
Starling,Marte,PIT,OF,47,167,18,43,3,6,5,17,12,5,8,50,0.257,0.437,0.3,0.737
Leonys,Martin,TEX,OF,24,46,6,8,5,2,0,6,3,0,4,12,0.174,0.37,0.235,0.605
Russell,Martin,NY-A,C,133,422,50,89,18,0,21,53,6,1,53,95,0.211,0.403,0.311,0.714
Luis,Martinez,TEX,C,10,18,1,2,0,0,0,0,0,0,0,4,0.111,0.111,0.158,0.269
Fernando,Martinez,HOU,OF,41,118,12,28,7,1,6,14,0,1,6,34,0.237,0.466,0.3,0.766
Michael,Martinez,PHI,2B,45,115,10,20,3,0,2,7,0,0,5,21,0.174,0.252,0.208,0.46
J.D.,Martinez,HOU,OF,113,395,34,95,14,3,11,55,0,2,40,96,0.241,0.375,0.311,0.686
Darin,Mastroianni,MIN,OF,77,163,22,41,3,2,3,17,21,3,18,45,0.252,0.35,0.328,0.678
Joe,Mather,CHC,OF,103,225,18,47,11,0,5,19,5,2,14,46,0.209,0.324,0.256,0.58
Jeff,Mathis,TOR,C,71,211,25,46,13,0,8,27,1,0,9,68,0.218,0.393,0.249,0.642
Hideki,Matsui,TB,OF,34,95,7,14,1,0,2,7,0,0,8,22,0.147,0.221,0.214,0.435
Kevin,Mattison,MIA,OF,3,5,0,0,0,0,0,0,0,0,0,2,0,0,0,0
Joe,Mauer,MIN,C,147,545,81,174,31,4,10,85,8,4,90,88,0.319,0.446,0.416,0.862
Justin,Maxwell,HOU,OF,124,315,46,72,13,3,18,53,9,4,32,114,0.229,0.46,0.304,0.764
John,Mayberry,PHI,OF,149,441,53,108,24,0,14,46,1,0,34,111,0.245,0.395,0.301,0.696
Cameron,Maybin,SD,OF,147,507,67,123,20,5,8,45,26,7,44,110,0.243,0.349,0.306,0.655
Edwin,Maysonet,MIL,SS,30,60,7,15,1,1,1,4,1,0,3,9,0.25,0.35,0.297,0.647
Matt,McBride,COL,C,31,78,8,16,2,0,2,11,0,0,1,17,0.205,0.308,0.222,0.53
Brian,McCann,ATL,C,121,439,44,101,14,0,20,67,3,0,44,76,0.23,0.399,0.3,0.699
Mike,McCoy,TOR,SS,32,52,10,9,1,0,1,7,2,1,4,6,0.173,0.25,0.232,0.482
Andrew,McCutchen,PIT,OF,157,593,107,194,29,6,31,96,20,12,70,132,0.327,0.553,0.4,0.953
Darnell,McDonald,BOS,OF,38,84,17,18,7,0,2,9,1,1,12,17,0.214,0.369,0.309,0.678
Darnell,McDonald,NY-A,OF,4,4,0,0,0,0,0,0,0,0,0,2,0,0,0,0
John,McDonald,AZ,SS,70,197,16,49,9,0,6,22,0,1,12,33,0.249,0.386,0.295,0.681
Casey,McGehee,PIT,3B,92,265,27,61,13,1,8,35,1,1,24,60,0.23,0.377,0.297,0.674
Casey,McGehee,NY-A,3B,22,53,9,8,3,0,1,6,0,0,5,10,0.151,0.264,0.22,0.484
Mike,McKenry,PIT,C,88,240,25,56,14,0,12,39,0,0,29,73,0.233,0.442,0.32,0.762
Nate,McLouth,BAL,OF,55,209,35,56,12,1,7,18,12,1,22,43,0.268,0.435,0.342,0.777
Nate,McLouth,PIT,OF,34,57,4,8,2,0,0,2,0,0,5,18,0.14,0.175,0.21,0.385
Jordy,Mercer,PIT,SS,42,62,7,13,5,1,1,5,0,1,4,14,0.21,0.371,0.265,0.636
Melky,Mesa,NY-A,OF,3,2,0,1,0,0,0,1,0,0,0,0,0.5,0.5,0.5,1
Devin,Mesoraco,CIN,C,54,165,17,35,8,0,5,14,1,1,17,33,0.212,0.352,0.288,0.64
Will,Middlebrooks,BOS,3B,75,267,34,77,14,0,15,54,4,1,13,70,0.288,0.509,0.325,0.834
Yadier,Molina,STL,C,138,505,65,159,28,0,22,76,12,3,45,55,0.315,0.501,0.373,0.874
Jose,Molina,TB,C,102,251,27,56,9,0,8,32,3,1,20,60,0.223,0.355,0.286,0.641
Miguel,Montero,AZ,C,141,486,65,139,25,2,15,88,0,0,73,130,0.286,0.438,0.391,0.829
Jesus,Montero,SEA,C,135,515,46,134,20,0,15,62,0,2,29,99,0.26,0.386,0.298,0.684
Adam,Moore,KC,C,4,11,1,2,1,0,1,2,0,0,1,3,0.182,0.545,0.25,0.795
Scott,Moore,HOU,3B,72,201,23,52,11,0,9,26,0,1,16,56,0.259,0.448,0.33,0.778
Tyler,Moore,WAS,OF,75,156,20,41,9,0,10,29,3,0,14,46,0.263,0.513,0.327,0.84
Kendrys,Morales,LAA,1B,134,484,61,132,26,1,22,73,0,1,31,116,0.273,0.467,0.32,0.787
Brent,Morel,CWS,3B,35,113,14,20,2,0,0,5,4,1,7,39,0.177,0.195,0.225,0.42
Mitch,Moreland,TEX,1B,114,327,41,90,18,0,15,50,1,1,23,71,0.275,0.468,0.321,0.789
Nyjer,Morgan,MIL,OF,122,289,44,69,5,3,3,16,12,5,20,63,0.239,0.308,0.302,0.61
Justin,Morneau,MIN,1B,134,505,63,135,26,2,19,77,1,0,49,102,0.267,0.44,0.333,0.773
Logan,Morrison,MIA,1B,93,296,30,68,15,1,11,36,1,0,31,58,0.23,0.399,0.308,0.707
Mike,Morse,WAS,OF,102,406,53,118,17,1,18,62,0,1,16,97,0.291,0.47,0.321,0.791
Brandon,Moss,OAK,1B,84,265,48,77,18,0,21,52,1,1,26,90,0.291,0.596,0.358,0.954
Mike,Moustakas,KC,3B,149,563,69,136,34,1,20,73,5,2,39,124,0.242,0.412,0.296,0.708
Daniel,Murphy,NY-N,2B,156,571,62,166,40,3,6,65,10,2,36,82,0.291,0.403,0.332,0.735
Donnie,Murphy,MIA,3B,52,116,13,25,6,2,3,12,1,1,9,35,0.216,0.379,0.281,0.66
David,Murphy,TEX,OF,147,457,65,139,29,3,15,61,10,5,54,74,0.304,0.479,0.38,0.859
Xavier,Nady,WAS,OF,40,102,6,16,3,0,3,6,1,0,7,24,0.157,0.275,0.211,0.486
Xavier,Nady,SF,OF,19,50,6,12,3,1,1,7,0,0,6,13,0.24,0.4,0.333,0.733
Mike,Napoli,TEX,1B,108,352,53,80,9,2,24,56,1,0,56,125,0.227,0.469,0.343,0.812
Daniel,Nava,BOS,OF,88,267,38,65,21,0,6,33,3,0,37,63,0.243,0.39,0.352,0.742
Yamaico,Navarro,PIT,3B,29,50,4,8,0,0,1,4,0,2,5,13,0.16,0.22,0.232,0.452
Dioner,Navarro,CIN,C,24,69,6,20,3,1,2,12,0,0,2,12,0.29,0.449,0.306,0.755
Thomas,Neal,CLE,OF,9,23,2,5,1,0,0,2,0,0,0,6,0.217,0.261,0.25,0.511
Kristopher,Negron,CIN,OF,4,4,2,1,0,0,0,0,0,0,1,2,0.25,0.25,0.4,0.65
Chris,Nelson,COL,3B,111,345,45,104,21,3,9,53,2,1,27,84,0.301,0.458,0.352,0.81
Mike,Nickeas,NY-N,C,47,109,8,19,3,0,1,13,0,0,8,27,0.174,0.229,0.242,0.471
Kirk,Nieuwenhuis,NY-N,OF,91,282,40,71,12,1,7,28,4,4,25,98,0.252,0.376,0.315,0.691
Wil,Nieves,COL,C,16,47,3,14,2,0,1,5,0,0,3,9,0.298,0.404,0.333,0.737
Wil,Nieves,AZ,C,16,36,4,11,1,0,1,3,0,1,1,8,0.306,0.417,0.324,0.741
Tsuyoshi,Nishioka,MIN,2B,3,12,0,0,0,0,0,1,0,0,1,1,0,0,0.071,0.071
Jayson,Nix,NY-A,3B,74,177,24,43,13,0,4,18,6,3,14,53,0.243,0.384,0.306,0.69
Laynce,Nix,PHI,OF,70,114,13,28,10,0,3,16,0,0,12,42,0.246,0.412,0.315,0.727
Derek,Norris,OAK,C,60,209,19,42,8,1,7,34,5,1,21,66,0.201,0.349,0.276,0.625
Eduardo,Nunez,NY-A,SS,38,89,14,26,4,1,1,11,11,2,6,12,0.292,0.393,0.33,0.723
Miguel,Olivo,SEA,C,87,315,27,70,14,0,12,29,3,6,7,85,0.222,0.381,0.239,0.62
Ray,Olmedo,CWS,3B,20,41,8,10,2,0,0,1,0,0,0,9,0.244,0.293,0.244,0.537
Mike,Olt,TEX,3B,16,33,2,5,1,0,0,5,1,1,5,13,0.152,0.182,0.25,0.432
Pete,Orr,PHI,2B,35,54,6,17,5,1,0,7,3,1,1,18,0.315,0.444,0.327,0.771
Rafael,Ortega,COL,OF,2,4,0,2,0,0,0,0,1,0,1,2,0.5,0.5,0.667,1.167
David,Ortiz,BOS,DH,90,324,65,103,26,0,23,60,0,1,56,51,0.318,0.611,0.415,1.026
Lyle,Overbay,AZ,1B,45,96,11,28,9,0,2,10,0,0,12,26,0.292,0.448,0.367,0.815
Lyle,Overbay,ATL,1B,20,20,1,2,1,0,0,0,0,0,1,8,0.1,0.15,0.143,0.293
Micah,Owings,SD,1B,6,2,0,0,0,0,0,0,0,0,0,2,0,0,0,0
Jordan,Pacheco,COL,3B,132,475,51,147,32,3,5,54,7,2,22,61,0.309,0.421,0.341,0.762
Angel,Pagan,SF,OF,154,605,95,174,38,15,8,56,29,7,48,97,0.288,0.44,0.338,0.778
Jimmy,Paredes,HOU,OF,24,74,7,14,1,1,0,3,2,1,6,21,0.189,0.23,0.244,0.474
Chris,Parmelee,MIN,1B,64,192,18,44,10,2,5,19,0,0,13,52,0.229,0.38,0.29,0.67
Gerardo,Parra,AZ,OF,133,385,58,105,21,2,7,36,15,9,33,77,0.273,0.392,0.335,0.727
Andy,Parrino,SD,SS,55,116,9,24,5,0,1,6,1,0,17,35,0.207,0.276,0.316,0.592
Tyler,Pastornicky,ATL,SS,76,169,21,41,6,1,2,13,2,0,10,32,0.243,0.325,0.287,0.612
Xavier,Paul,CIN,OF,55,86,8,27,5,1,2,7,4,2,9,18,0.314,0.465,0.379,0.844
Ronny,Paulino,BAL,C,20,63,5,16,3,0,0,5,0,0,1,9,0.254,0.302,0.266,0.568
Steve,Pearce,BAL,OF,28,71,8,18,4,0,3,14,0,1,8,17,0.254,0.437,0.321,0.758
Steve,Pearce,HOU,OF,21,63,2,16,4,1,0,8,1,1,7,16,0.254,0.349,0.347,0.696
Steve,Pearce,NY-A,OF,12,25,6,4,0,0,1,4,0,0,5,8,0.16,0.28,0.3,0.58
Dustin,Pedroia,BOS,2B,141,563,81,163,39,3,15,65,20,6,48,60,0.29,0.449,0.347,0.796
Carlos,Peguero,SEA,OF,17,56,2,10,2,1,2,7,0,0,1,28,0.179,0.357,0.193,0.55
Francisco,Peguero,SF,OF,17,16,6,3,0,0,0,0,3,0,0,7,0.188,0.188,0.188,0.376
Ramiro,Pena,NY-A,SS,3,4,0,1,0,0,0,0,0,0,0,0,0.25,0.25,0.25,0.5
Carlos,Pena,TB,1B,160,497,72,98,17,2,19,61,2,3,87,182,0.197,0.354,0.33,0.684
Brayan,Pena,KC,C,68,212,16,50,10,1,2,25,0,1,9,24,0.236,0.321,0.262,0.583
Hunter,Pence,PHI,OF,101,398,59,108,15,2,17,59,4,2,37,85,0.271,0.447,0.336,0.783
Hunter,Pence,SF,OF,59,219,28,48,11,2,7,45,1,0,19,60,0.219,0.384,0.287,0.671
Cliff,Pennington,OAK,SS,125,418,50,90,18,2,6,28,15,6,35,90,0.215,0.311,0.278,0.589
Jhonny,Peralta,DET,SS,150,531,58,127,32,3,13,63,1,2,49,105,0.239,0.384,0.305,0.689
Salvador,Perez,KC,C,76,289,38,87,16,0,11,39,0,0,12,27,0.301,0.471,0.328,0.799
Hernan,Perez,DET,SS,2,2,1,1,0,0,0,0,0,0,0,0,0.5,0.5,0.5,1
Eury,Perez,WAS,OF,13,5,3,1,0,0,0,0,3,0,0,0,0.2,0.2,0.2,0.4
Bryan,Petersen,MIA,OF,84,241,29,47,9,3,0,17,8,2,25,58,0.195,0.257,0.272,0.529
Cord,Phelps,CLE,2B,14,33,2,7,0,0,1,5,0,0,1,10,0.212,0.303,0.235,0.538
Brandon,Phillips,CIN,2B,147,580,86,163,30,1,18,77,15,2,28,79,0.281,0.429,0.321,0.75
Denis,Phipps,CIN,OF,8,10,4,3,1,0,1,2,0,0,1,4,0.3,0.7,0.364,1.064
Juan,Pierre,PHI,OF,130,394,59,121,10,6,1,25,37,7,23,27,0.307,0.371,0.351,0.722
A.J.,Pierzynski,CWS,C,135,479,68,133,18,4,27,77,0,0,28,78,0.278,0.501,0.326,0.827
Brett,Pill,SF,1B,48,105,10,22,3,0,4,11,1,0,6,19,0.21,0.352,0.265,0.617
Manny,Pina,KC,C,1,2,0,0,0,0,0,0,0,0,0,0,0,0,0,0
Trevor,Plouffe,MIN,3B,119,422,56,99,19,1,24,55,1,3,37,92,0.235,0.455,0.301,0.756
Scott,Podsednik,BOS,OF,63,199,19,60,7,0,1,12,8,2,6,35,0.302,0.352,0.322,0.674
Placido,Polanco,PHI,3B,90,303,28,78,15,0,2,19,0,0,18,25,0.257,0.327,0.302,0.629
A.J.,Pollock,AZ,OF,31,81,8,20,4,1,2,8,1,2,9,11,0.247,0.395,0.315,0.71
Buster,Posey,SF,C,148,530,78,178,39,1,24,103,1,1,69,96,0.336,0.549,0.408,0.957
Martin,Prado,ATL,3B,156,617,81,186,42,6,10,70,17,4,58,69,0.301,0.438,0.359,0.797
Alex,Presley,PIT,OF,104,346,46,82,14,7,10,25,9,7,18,72,0.237,0.405,0.279,0.684
Jason,Pridie,PHI,OF,9,10,1,3,1,0,1,3,0,0,0,0,0.3,0.7,0.3,1
Jurickson,Profar,TEX,2B,9,17,2,3,2,0,1,2,0,0,0,4,0.176,0.471,0.176,0.647
Albert,Pujols,LAA,1B,154,607,85,173,50,0,30,105,8,1,52,76,0.285,0.516,0.343,0.859
Nick,Punto,BOS,2B,65,125,14,25,6,0,1,10,5,0,19,33,0.2,0.272,0.301,0.573
Nick,Punto,LAD,2B,22,35,6,10,1,0,0,0,1,0,6,9,0.286,0.314,0.39,0.704
Carlos,Quentin,SD,OF,86,284,44,74,21,0,16,46,0,1,36,41,0.261,0.504,0.374,0.878
Omar,Quintanilla,NY-N,SS,29,70,13,18,5,0,1,4,0,0,8,17,0.257,0.371,0.35,0.721
Omar,Quintanilla,BAL,SS,36,99,12,23,3,0,3,12,0,1,8,25,0.232,0.354,0.284,0.638
Humberto,Quintero,KC,C,43,138,7,32,12,0,1,19,0,1,4,28,0.232,0.341,0.257,0.598
Guillermo,Quiroz,BOS,C,2,2,0,0,0,0,0,0,0,0,0,1,0,0,0,0
Ryan,Raburn,DET,OF,66,205,14,35,14,0,1,12,1,1,13,53,0.171,0.254,0.226,0.48
Hanley,Ramirez,MIA,SS,93,353,49,87,18,2,14,48,14,4,37,72,0.246,0.428,0.322,0.75
Hanley,Ramirez,LAD,SS,64,251,30,68,11,2,10,44,7,3,17,60,0.271,0.45,0.324,0.774
Aramis,Ramirez,MIL,3B,149,570,92,171,50,3,27,105,9,2,44,82,0.3,0.54,0.36,0.9
Alexei,Ramirez,CWS,SS,158,593,59,157,24,4,9,73,20,7,16,77,0.265,0.364,0.287,0.651
Wilson,Ramos,WAS,C,25,83,11,22,2,0,3,10,0,0,12,19,0.265,0.398,0.354,0.752
Cody,Ransom,AZ,SS,26,78,11,21,7,0,5,16,0,0,7,30,0.269,0.551,0.352,0.903
Cody,Ransom,MIL,SS,64,168,18,33,7,0,6,26,0,1,23,79,0.196,0.345,0.293,0.638
Colby,Rasmus,TOR,OF,151,565,75,126,21,5,23,75,4,3,47,149,0.223,0.4,0.289,0.689
Anthony,Recker,CHC,C,9,18,1,3,1,0,1,4,0,0,2,2,0.167,0.389,0.286,0.675
Anthony,Recker,OAK,C,13,31,3,4,1,0,0,0,0,0,4,13,0.129,0.161,0.25,0.411
Josh,Reddick,OAK,OF,156,611,85,148,29,5,32,85,11,1,55,151,0.242,0.463,0.305,0.768
Nolan,Reimold,BAL,OF,16,67,10,21,6,0,5,10,1,0,2,14,0.313,0.627,0.333,0.96
Jason,Repko,BOS,OF,5,11,0,1,0,0,0,0,0,0,0,4,0.091,0.091,0.091,0.182
Ben,Revere,MIN,OF,124,511,70,150,13,6,0,32,40,9,29,54,0.294,0.342,0.333,0.675
Jose,Reyes,MIA,SS,160,642,86,184,37,12,11,57,40,11,63,56,0.287,0.433,0.347,0.78
Mark,Reynolds,BAL,1B,135,457,65,101,26,0,23,69,1,3,73,159,0.221,0.429,0.335,0.764
Will,Rhymes,TB,2B,47,123,11,28,2,1,1,8,1,2,10,17,0.228,0.285,0.299,0.584
Alex,Rios,CWS,OF,157,605,93,184,37,8,25,91,23,6,26,92,0.304,0.516,0.334,0.85
Juan,Rivera,LAD,OF,109,312,30,76,14,0,9,47,1,3,18,35,0.244,0.375,0.286,0.661
Anthony,Rizzo,CHC,1B,87,337,44,96,15,0,15,48,3,2,27,62,0.285,0.463,0.342,0.805
Brian,Roberts,BAL,2B,17,66,2,12,0,0,0,5,1,1,5,12,0.182,0.182,0.233,0.415
Ryan,Roberts,TB,3B,60,187,23,40,10,0,6,18,4,3,18,47,0.214,0.364,0.284,0.648
Ryan,Roberts,AZ,3B,83,252,28,63,9,0,6,34,6,3,22,45,0.25,0.357,0.306,0.663
Trayvon,Robinson,SEA,OF,46,145,16,32,4,1,3,12,6,3,14,43,0.221,0.324,0.294,0.618
Clint,Robinson,KC,1B,4,4,0,0,0,0,0,0,0,0,0,2,0,0,0,0
Shane,Robinson,STL,OF,102,166,20,42,8,0,3,16,1,0,14,32,0.253,0.355,0.309,0.664
Eddy,Rodriguez,SD,C,2,5,1,1,0,0,1,1,0,0,2,3,0.2,0.8,0.429,1.229
Sean,Rodriguez,TB,SS,112,301,36,64,14,1,6,32,5,0,27,75,0.213,0.326,0.281,0.607
Alex,Rodriguez,NY-A,3B,122,463,74,126,17,1,18,57,13,1,51,116,0.272,0.43,0.353,0.783
Henry,Rodriguez,CIN,2B,12,14,0,3,1,0,0,2,0,0,2,2,0.214,0.286,0.313,0.599
Scott,Rolen,CIN,3B,92,294,26,72,17,2,8,39,2,1,30,62,0.245,0.398,0.318,0.716
Jimmy,Rollins,PHI,SS,156,632,102,158,33,5,23,68,30,5,62,96,0.25,0.427,0.316,0.743
Andrew,Romine,LAA,SS,12,17,2,7,0,0,0,1,1,0,3,3,0.412,0.412,0.5,0.912
Adam,Rosales,OAK,2B,42,99,12,22,5,0,2,8,0,0,11,24,0.222,0.333,0.297,0.63
Wilin,Rosario,COL,C,117,396,67,107,19,0,28,71,4,5,25,99,0.27,0.53,0.312,0.842
David,Ross,ATL,C,62,176,18,45,7,0,9,23,1,0,18,60,0.256,0.449,0.321,0.77
Cody,Ross,BOS,OF,130,476,70,127,34,1,22,81,2,3,42,129,0.267,0.481,0.326,0.807
Vinny,Rottino,CLE,OF,18,28,4,3,1,0,1,2,1,0,1,8,0.107,0.25,0.133,0.383
Vinny,Rottino,NY-N,OF,18,33,8,6,1,0,2,5,3,0,6,9,0.182,0.394,0.308,0.702
Darin,Ruf,PHI,OF,12,33,4,11,2,1,3,10,0,0,2,12,0.333,0.727,0.351,1.078
Justin,Ruggiano,MIA,OF,91,288,38,90,23,1,13,36,14,8,29,84,0.313,0.535,0.374,0.909
Carlos,Ruiz,PHI,C,114,372,56,121,32,0,16,68,4,0,29,50,0.325,0.54,0.394,0.934
Josh,Rutledge,COL,2B,73,277,37,76,20,5,8,37,7,0,9,54,0.274,0.469,0.306,0.775
Brendan,Ryan,SEA,SS,141,407,42,79,19,3,3,31,11,5,44,98,0.194,0.278,0.277,0.555
Jarrod,Saltalamacchia,BOS,C,121,405,55,90,17,1,25,59,0,1,38,139,0.222,0.454,0.288,0.742
Gaby,Sanchez,MIA,1B,55,183,12,37,10,0,3,17,1,0,12,36,0.202,0.306,0.25,0.556
Gaby,Sanchez,PIT,1B,50,116,18,28,6,0,4,13,0,0,13,20,0.241,0.397,0.323,0.72
Hector,Sanchez,SF,C,74,218,22,61,15,0,3,34,0,0,5,52,0.28,0.39,0.295,0.685
Pablo,Sandoval,SF,3B,108,396,59,112,25,2,12,63,1,1,38,59,0.283,0.447,0.342,0.789
Jerry,Sands,LAD,OF,9,23,2,4,2,0,0,1,0,0,1,9,0.174,0.261,0.208,0.469
Carlos,Santana,CLE,C,143,507,72,128,27,2,18,76,3,5,91,101,0.252,0.42,0.365,0.785
Ramon,Santiago,DET,2B,93,228,19,47,7,1,2,17,1,0,20,39,0.206,0.272,0.283,0.555
Omir,Santos,DET,C,3,8,0,1,0,0,0,1,0,0,0,1,0.125,0.125,0.111,0.236
Dave,Sappelt,CHC,OF,26,69,8,19,6,0,2,8,0,0,7,9,0.275,0.449,0.351,0.8
Josh,Satin,NY-N,2B,1,1,0,0,0,0,0,0,0,0,0,1,0,0,0,0
Michael,Saunders,SEA,OF,139,507,71,125,31,3,19,57,21,4,43,132,0.247,0.432,0.306,0.738
Jordan,Schafer,HOU,OF,106,313,40,66,10,2,4,23,27,9,36,106,0.211,0.294,0.297,0.591
Logan,Schafer,MIL,OF,16,23,3,7,1,2,0,5,0,1,1,3,0.304,0.522,0.32,0.842
Nate,Schierholtz,SF,OF,77,175,15,44,4,5,5,16,3,2,18,36,0.251,0.417,0.321,0.738
Nate,Schierholtz,PHI,OF,37,66,5,18,4,0,1,5,0,0,5,10,0.273,0.379,0.319,0.698
Konrad,Schmidt,AZ,C,4,7,1,0,0,0,0,2,0,0,1,2,0,0,0.125,0.125
Brian,Schneider,PHI,C,34,89,9,20,5,0,2,7,0,0,5,15,0.225,0.348,0.289,0.637
Skip,Schumaker,STL,2B,107,272,37,75,14,4,1,28,1,1,27,50,0.276,0.368,0.339,0.707
Luke,Scott,TB,DH,96,314,35,72,22,1,14,55,5,0,21,80,0.229,0.439,0.285,0.724
Marco,Scutaro,COL,2B,95,377,47,102,16,3,4,30,7,3,27,35,0.271,0.361,0.324,0.685
Marco,Scutaro,SF,2B,61,243,40,88,16,1,3,44,2,1,13,14,0.362,0.473,0.385,0.858
Kyle,Seager,SEA,3B,155,594,62,154,35,1,20,86,13,5,46,110,0.259,0.423,0.316,0.739
Jean,Segura,LAA,SS,1,3,0,0,0,0,0,0,0,0,0,2,0,0,0,0
Jean,Segura,MIL,SS,44,148,19,39,4,3,0,14,7,1,13,21,0.264,0.331,0.321,0.652
Justin,Sellers,LAD,SS,19,44,6,9,3,1,1,2,0,0,5,14,0.205,0.386,0.286,0.672
Kelly,Shoppach,BOS,C,48,140,16,35,12,2,5,17,1,0,11,62,0.25,0.471,0.327,0.798
Kelly,Shoppach,NY-N,C,28,79,7,16,2,0,3,10,0,0,5,27,0.203,0.342,0.276,0.618
Moises,Sierra,TOR,OF,49,147,14,33,4,0,6,15,1,0,8,44,0.224,0.374,0.274,0.648
Andrelton,Simmons,ATL,SS,49,166,17,48,8,2,3,19,1,0,12,21,0.289,0.416,0.335,0.751
Seth,Smith,OAK,OF,125,383,55,92,23,2,14,52,2,2,50,98,0.24,0.42,0.333,0.753
Justin,Smoak,SEA,1B,132,483,49,105,14,0,19,51,1,0,49,111,0.217,0.364,0.29,0.654
Travis,Snider,PIT,OF,50,128,17,32,5,1,1,9,2,0,14,34,0.25,0.328,0.324,0.652
Travis,Snider,TOR,OF,10,36,6,9,2,0,3,8,0,0,3,14,0.25,0.556,0.3,0.856
Brandon,Snyder,TEX,1B,40,65,11,18,2,0,3,9,0,0,3,26,0.277,0.446,0.309,0.755
Chris,Snyder,HOU,C,76,221,23,39,8,0,7,24,0,0,33,70,0.176,0.308,0.295,0.603
Eric,Sogard,OAK,SS,37,102,8,17,3,1,2,7,2,0,5,17,0.167,0.275,0.206,0.481
Jhonatan,Solano,WAS,C,12,35,6,11,3,0,2,6,1,0,2,5,0.314,0.571,0.351,0.922
Donovan,Solano,MIA,2B,93,285,29,84,11,3,2,28,7,0,21,58,0.295,0.375,0.342,0.717
Ali,Solis,SD,C,5,4,0,0,0,0,0,0,0,0,0,2,0,0,0,0
Alfonso,Soriano,CHC,OF,151,561,68,147,33,2,32,108,6,2,44,153,0.262,0.499,0.322,0.821
Geovany,Soto,TEX,C,47,148,19,29,6,0,5,25,1,0,11,41,0.196,0.338,0.253,0.591
Geovany,Soto,CHC,C,52,176,26,35,6,1,6,14,0,0,19,35,0.199,0.347,0.284,0.631
Denard,Span,MIN,OF,128,516,71,146,38,4,4,41,17,6,47,62,0.283,0.395,0.342,0.737
Nate,Spears,BOS,2B,4,4,0,0,0,0,0,0,0,0,0,3,0,0,0,0
Giancarlo,Stanton,MIA,OF,123,449,75,130,30,1,37,86,6,2,46,143,0.29,0.608,0.361,0.969
Ian,Stewart,CHC,3B,55,179,16,36,5,2,5,17,0,3,21,46,0.201,0.335,0.292,0.627
Chris,Stewart,NY-A,C,55,141,15,34,8,0,1,13,2,0,10,21,0.241,0.319,0.292,0.611
Drew,Stubbs,CIN,OF,136,493,75,105,13,2,14,40,30,7,42,166,0.213,0.333,0.277,0.61
Drew,Sutton,TB,3B,18,48,2,13,4,0,0,6,0,0,2,16,0.271,0.354,0.314,0.668
Drew,Sutton,PIT,3B,24,74,10,18,8,1,1,7,0,1,4,26,0.243,0.419,0.278,0.697
Kurt,Suzuki,OAK,C,75,262,19,57,15,0,1,18,1,0,9,53,0.218,0.286,0.25,0.536
Kurt,Suzuki,WAS,C,43,146,17,39,5,0,5,25,1,0,11,20,0.267,0.404,0.321,0.725
Ichiro,Suzuki,SEA,OF,95,402,49,105,15,5,4,28,15,2,17,40,0.261,0.353,0.288,0.641
Ichiro,Suzuki,NY-A,OF,67,227,28,73,13,1,5,27,14,5,5,21,0.322,0.454,0.34,0.794
Ryan,Sweeney,BOS,OF,63,204,22,53,19,2,0,16,0,0,12,43,0.26,0.373,0.303,0.676
Nick,Swisher,NY-A,1B,148,537,75,146,36,0,24,93,2,3,77,141,0.272,0.473,0.364,0.837
Jose,Tabata,PIT,OF,103,333,43,81,20,3,3,16,8,12,29,58,0.243,0.348,0.315,0.663
Michael,Taylor,OAK,OF,6,21,2,3,1,0,0,0,0,0,0,10,0.143,0.19,0.143,0.333
Taylor,Teagarden,BAL,C,22,57,4,9,3,0,2,9,0,0,5,23,0.158,0.316,0.226,0.542
Mark,Teixeira,NY-A,1B,123,451,66,113,27,1,24,84,2,1,54,83,0.251,0.475,0.332,0.807
Ruben,Tejada,NY-N,SS,114,464,53,134,26,0,1,25,4,4,27,73,0.289,0.351,0.333,0.684
Blake,Tekotte,SD,OF,11,15,0,2,0,0,0,0,1,0,0,4,0.133,0.133,0.133,0.266
Eric,Thames,SEA,OF,40,123,10,27,5,2,6,14,1,0,6,47,0.22,0.439,0.256,0.695
Eric,Thames,TOR,OF,46,148,17,36,7,1,3,11,0,1,9,40,0.243,0.365,0.288,0.653
Ryan,Theriot,SF,2B,104,352,45,95,16,1,0,28,13,5,24,47,0.27,0.321,0.316,0.637
Josh,Thole,NY-N,C,104,321,24,75,15,0,1,21,0,0,27,50,0.234,0.29,0.294,0.584
Clete,Thomas,MIN,OF,12,28,2,4,1,0,1,4,0,0,0,16,0.143,0.286,0.172,0.458
Jim,Thome,PHI,DH,30,62,9,15,2,0,5,15,0,0,8,21,0.242,0.516,0.338,0.854
Jim,Thome,BAL,DH,28,101,8,26,5,0,3,10,0,0,14,40,0.257,0.396,0.348,0.744
Rich,Thompson,TB,OF,23,22,5,2,0,0,0,1,6,2,0,5,0.091,0.091,0.167,0.258
Steve,Tolleson,BAL,3B,29,71,4,13,3,0,2,6,1,0,4,17,0.183,0.31,0.227,0.537
Yorvit,Torrealba,TOR,C,10,28,3,6,0,0,1,2,0,0,2,7,0.214,0.321,0.267,0.588
Yorvit,Torrealba,MIL,C,5,5,0,0,0,0,0,0,0,0,1,2,0,0,0.167,0.167
Yorvit,Torrealba,TEX,C,49,161,16,38,8,0,3,12,1,1,14,31,0.236,0.342,0.302,0.644
Andres,Torres,NY-N,OF,132,374,47,86,17,7,3,35,13,5,52,90,0.23,0.337,0.327,0.664
Chad,Tracy,WAS,1B,73,93,7,25,7,0,3,14,0,0,10,15,0.269,0.441,0.343,0.784
Matt,Treanor,LAD,C,36,103,11,18,3,1,2,10,1,1,14,29,0.175,0.282,0.281,0.563
Carlos,Triunfel,SEA,SS,10,22,2,5,2,0,0,3,0,0,1,4,0.227,0.318,0.261,0.579
Mike,Trout,LAA,OF,139,559,129,182,27,8,30,83,49,5,67,139,0.326,0.564,0.399,0.963
Mark,Trumbo,LAA,OF,144,544,66,146,19,3,32,95,4,5,36,153,0.268,0.491,0.317,0.808
Troy,Tulowitzki,COL,SS,47,181,33,52,8,2,8,27,2,2,19,19,0.287,0.486,0.36,0.846
Justin,Turner,NY-N,2B,94,171,20,46,13,1,2,19,1,1,9,24,0.269,0.392,0.319,0.711
Dan,Uggla,ATL,2B,154,523,86,115,29,0,19,78,4,3,94,168,0.22,0.384,0.348,0.732
B.J.,Upton,TB,OF,146,573,79,141,29,3,28,78,31,6,45,169,0.246,0.454,0.298,0.752
Justin,Upton,AZ,OF,150,554,107,155,24,4,17,67,18,8,63,121,0.28,0.43,0.355,0.785
Juan,Uribe,LAD,3B,66,162,15,31,9,0,2,17,0,1,13,37,0.191,0.284,0.258,0.542
Chase,Utley,PHI,2B,83,301,48,77,15,2,11,45,11,1,43,43,0.256,0.429,0.365,0.794
Luis,Valbuena,CHC,3B,90,265,26,58,20,0,4,28,0,2,36,55,0.219,0.34,0.31,0.65
Jordany,Valdespin,NY-N,OF,94,191,28,46,9,1,8,26,10,3,10,44,0.241,0.424,0.286,0.71
Wilson,Valdez,CIN,SS,77,194,15,40,4,0,0,15,3,1,8,36,0.206,0.227,0.236,0.463
Danny,Valencia,BOS,3B,10,28,1,4,0,0,1,4,0,0,0,6,0.143,0.25,0.138,0.388
Danny,Valencia,MIN,3B,34,126,13,25,6,1,2,17,0,1,3,32,0.198,0.31,0.212,0.522
Scott,Van Slyke,LAD,OF,27,54,4,9,2,0,2,7,1,0,2,14,0.167,0.315,0.196,0.511
Gil,Velazquez,MIA,3B,19,56,2,13,1,0,0,2,0,0,1,11,0.232,0.25,0.246,0.496
Will,Venable,SD,OF,148,417,62,110,26,8,9,45,24,6,41,94,0.264,0.429,0.335,0.764
Dayan,Viciedo,CWS,OF,147,505,64,129,18,1,25,78,0,2,28,120,0.255,0.444,0.3,0.744
Shane,Victorino,PHI,OF,101,387,46,101,17,5,9,40,24,4,35,49,0.261,0.401,0.324,0.725
Shane,Victorino,LAD,OF,53,208,26,51,12,2,2,15,15,2,18,31,0.245,0.351,0.316,0.667
Josh,Vitters,CHC,OF,36,99,7,12,2,0,2,5,2,0,7,33,0.121,0.202,0.193,0.395
Omar,Vizquel,TOR,2B,60,153,13,36,5,1,0,7,3,2,7,17,0.235,0.281,0.265,0.546
Stephen,Vogt,TB,C,18,25,0,0,0,0,0,0,0,0,2,2,0,0,0.074,0.074
Joey,Votto,CIN,1B,111,374,59,126,44,0,14,56,5,3,94,85,0.337,0.567,0.474,1.041
Neil,Walker,PIT,2B,129,472,62,132,27,0,14,69,7,5,47,104,0.28,0.426,0.342,0.768
Brett,Wallace,HOU,1B,66,229,24,58,10,1,9,24,0,0,18,73,0.253,0.424,0.323,0.747
Jemile,Weeks,OAK,2B,118,444,54,98,15,8,2,20,16,5,50,70,0.221,0.304,0.305,0.609
Rickie,Weeks,MIL,2B,157,588,85,135,29,4,21,63,16,3,74,169,0.23,0.4,0.328,0.728
Casper,Wells,SEA,OF,93,285,42,65,12,3,10,36,3,0,26,80,0.228,0.396,0.302,0.698
Vernon,Wells,LAA,OF,77,243,36,56,9,0,11,29,3,1,16,35,0.23,0.403,0.279,0.682
Jayson,Werth,WAS,OF,81,300,42,90,21,3,5,31,8,2,42,57,0.3,0.44,0.387,0.827
Ryan,Wheeler,AZ,3B,50,109,11,26,6,1,1,10,1,0,9,22,0.239,0.339,0.294,0.633
Eli,Whiteside,SF,C,12,11,3,1,1,0,0,2,0,0,1,4,0.091,0.182,0.214,0.396
Matt,Wieters,BAL,C,144,526,67,131,27,1,23,83,3,0,60,112,0.249,0.435,0.329,0.764
Ty,Wigginton,PHI,3B,125,315,40,74,11,0,11,43,1,0,37,81,0.235,0.375,0.314,0.689
Josh,Willingham,MIN,OF,145,519,85,135,30,1,35,110,3,2,76,141,0.26,0.524,0.366,0.89
Bobby,Wilson,LAA,C,75,171,19,36,5,0,3,13,0,0,15,33,0.211,0.292,0.277,0.569
Jack,Wilson,ATL,SS,40,71,4,12,1,1,0,4,0,0,2,12,0.169,0.211,0.189,0.4
DeWayne,Wise,NY-A,OF,56,61,11,16,3,1,3,8,7,0,2,12,0.262,0.492,0.286,0.778
DeWayne,Wise,CWS,OF,45,163,20,42,7,1,5,22,12,4,9,40,0.258,0.405,0.295,0.7
Danny,Worth,DET,2B,43,74,9,16,3,0,0,3,0,0,13,23,0.216,0.257,0.33,0.587
David,Wright,NY-N,3B,156,581,91,178,41,2,21,93,15,10,81,112,0.306,0.492,0.391,0.883
Kevin,Youkilis,BOS,3B,42,146,25,34,7,1,4,14,0,0,14,39,0.233,0.377,0.315,0.692
Kevin,Youkilis,CWS,3B,80,292,47,69,8,1,15,46,0,0,37,69,0.236,0.425,0.346,0.771
Michael,Young,TEX,3B,156,611,79,169,27,3,8,67,2,2,33,70,0.277,0.37,0.312,0.682
Chris,Young,AZ,OF,101,325,36,75,24,0,14,41,8,3,36,79,0.231,0.434,0.311,0.745
Matt,Young,DET,OF,5,10,2,1,1,0,0,1,0,0,0,9,0.1,0.2,0.182,0.382
Delmon,Young,DET,OF,151,574,54,153,27,1,18,74,0,2,20,112,0.267,0.411,0.296,0.707
Eric,Young Jr.,COL,OF,98,174,36,55,7,2,4,15,14,2,13,31,0.316,0.448,0.377,0.825
Ryan,Zimmerman,WAS,3B,145,578,93,163,36,1,25,95,5,2,57,116,0.282,0.478,0.346,0.824
Ben,Zobrist,TB,2B,157,560,88,151,39,7,20,74,14,9,97,103,0.27,0.471,0.377,0.848
,,,,,,,,,,,,,,,,,,,